{
  "orientation": "Vertical",
  "nodeLayouts": {
    "inputs": {
      "x": 15.3333740234375,
      "y": 46.66667175292969,
      "index": -1
    },
    "outputs": {
      "x": 16.31512451171875,
      "y": 665.5,
      "index": -1
    },
    "question_embedding": {
      "x": 120.666748046875,
      "y": 136.6666488647461,
      "height": 75,
      "index": 0
    },
    "customer_lookup": {
      "x": -238.49481201171875,
      "y": 162.57553100585938,
      "height": 75,
      "index": 1
    },
    "retrieve_support_documentation": {
      "x": 122.16650390625,
      "y": 237.3333740234375,
      "height": 75,
      "index": 2
    },
    "customer_prompt": {
      "x": -250.08346557617188,
      "y": 385.33331298828125,
      "index": 3
    },
    "llm_call": {
      "x": -66.95602416992188,
      "y": 556.6718902587891,
      "index": 4
    }
  },
  "viewport": {
    "transformMatrix": [
      1,
      0,
      0,
      1,
      -1.752685546875,
      -106.1666488647461
    ]
  }
}